"","river","STA","ti_tot_min","removal_g"
"1","2-1",122000,585,38.025
"2","2-1",122050,540,70.2
"3","2-1",122100,495,64.35
"4","2-1",122150,450,58.5
"5","2-1",122200,405,52.65
"6","2-1",122250,345,44.85
"7","2-1",122300,255,33.15
"8","2-1",122350,255,33.15
"9","2-1",122400,255,33.15
"10","2-1",122450,255,33.15
"11","2-1",122500,255,33.15
"12","2-1",122550,255,33.15
"13","2-1",122600,255,33.15
"14","2-1",122650,240,31.2
"15","2-1",122700,240,31.2
"16","2-1",122750,240,31.2
"17","2-1",122800,240,31.2
"18","2-1",122850,240,31.2
"19","2-1",122900,240,31.2
"20","2-1",122950,255,33.15
"21","2-1",123000,255,33.15
"22","2-1",123050,255,33.15
"23","2-1",123100,255,33.15
"24","2-1",123150,255,33.15
"25","2-1",123200,255,33.15
"26","2-1",123250,255,33.15
"27","2-1",123300,255,33.15
"28","2-1",123350,255,33.15
"29","2-1",123400,255,33.15
"30","2-1",123450,255,33.15
"31","2-1",123500,255,33.15
"32","2-1",123550,255,33.15
"33","2-1",123600,255,33.15
"34","2-1",123650,255,33.15
"35","2-1",123700,255,33.15
"36","2-1",123750,255,33.15
"37","2-1",123800,255,33.15
"38","2-1",123850,255,33.15
"39","2-1",123900,255,33.15
"40","2-1",123950,255,33.15
"41","2-1",124000,240,31.2
"42","2-1",124050,240,31.2
"43","2-1",124100,240,31.2
"44","2-1",124150,240,31.2
"45","2-1",124200,240,31.2
"46","2-1",124250,240,31.2
"47","2-1",124300,240,31.2
"48","2-1",124350,240,31.2
"49","2-1",124400,240,31.2
"50","2-1",124450,240,31.2
"51","2-1",124500,240,31.2
"52","2-1",124550,240,31.2
"53","2-1",124600,240,31.2
"54","2-1",124650,240,31.2
"55","2-1",124700,240,31.2
"56","2-1",124750,240,31.2
"57","2-1",124800,240,31.2
"58","2-1",124850,240,31.2
"59","2-1",124900,240,31.2
"60","2-1",124950,240,31.2
"61","2-1",125000,240,31.2
"62","2-1",125050,240,31.2
"63","2-1",125100,240,31.2
"64","2-1",125150,240,31.2
"65","2-1",125200,240,31.2
"66","2-1",125250,240,31.2
"67","2-1",125300,225,29.25
"68","2-1",125350,225,29.25
"69","2-1",125400,225,29.25
"70","2-1",125450,225,29.25
"71","2-1",125500,225,29.25
"72","2-1",125550,225,29.25
"73","2-1",125600,225,29.25
"74","2-1",125650,225,29.25
"75","2-1",125700,225,29.25
"76","2-1",125750,225,29.25
"77","2-1",125800,240,31.2
"78","2-1",125850,225,29.25
"79","2-1",125900,240,31.2
"80","2-1",125950,240,31.2
"81","2-1",126000,240,31.2
"82","2-1",126050,240,31.2
"83","2-1",126100,240,31.2
"84","2-1",126150,240,31.2
"85","2-1",126200,240,31.2
"86","2-1",126250,240,31.2
"87","2-1",126300,240,31.2
"88","2-1",126350,240,31.2
"89","2-1",126400,240,31.2
"90","2-1",126450,240,31.2
"91","2-1",126500,240,31.2
"92","2-1",126550,225,29.25
"93","2-1",126600,225,29.25
"94","2-1",126650,225,29.25
"95","2-1",126700,225,29.25
"96","2-1",126750,225,29.25
"97","2-1",126800,225,29.25
"98","2-1",126850,225,29.25
"99","2-1",126900,225,29.25
"100","2-1",126950,225,29.25
"101","2-1",127000,225,29.25
"102","2-1",127050,225,29.25
"103","2-1",127100,225,29.25
"104","2-1",127150,225,29.25
"105","2-1",127200,225,29.25
"106","2-1",127250,225,29.25
"107","2-1",127300,225,29.25
"108","2-1",127350,225,29.25
"109","2-1",127400,225,29.25
"110","2-1",127450,225,29.25
"111","2-1",127500,450,29.25
"112","2-1",127550,195,25.35
"113","2-1",127600,180,23.4
"114","2-1",127650,180,23.4
"115","2-1",127700,180,23.4
"116","2-1",127750,180,23.4
"117","2-1",127800,180,23.4
"118","2-1",127850,180,23.4
"119","2-1",127900,180,23.4
"120","2-1",127950,180,23.4
"121","2-1",128000,180,23.4
"122","2-1",128050,180,23.4
"123","2-1",128100,180,23.4
"124","2-1",128150,180,23.4
"125","2-1",128200,180,23.4
"126","2-1",128250,180,23.4
"127","2-1",128300,180,23.4
"128","2-1",128350,180,23.4
"129","2-1",128400,180,23.4
"130","2-1",128450,195,25.35
"131","2-1",128500,195,25.35
"132","2-1",128550,195,25.35
"133","2-1",128600,195,25.35
"134","2-1",128650,195,25.35
"135","2-1",128700,195,25.35
"136","2-1",128750,195,25.35
"137","2-1",128800,195,25.35
"138","2-1",128850,180,23.4
"139","2-1",128900,180,23.4
"140","2-1",128950,180,23.4
"141","2-1",129000,180,23.4
"142","2-1",129050,180,23.4
"143","2-1",129100,180,23.4
"144","2-1",129150,180,23.4
"145","2-1",129200,180,23.4
"146","2-1",129250,180,23.4
"147","2-1",129300,180,23.4
"148","2-1",129350,180,23.4
"149","2-1",129400,180,23.4
"150","2-1",129450,180,23.4
"151","2-1",129500,180,23.4
"152","2-1",129550,180,23.4
"153","2-1",129600,180,23.4
"154","2-1",129650,180,23.4
"155","2-1",129700,180,23.4
"156","2-1",129750,180,23.4
"157","2-1",129800,180,23.4
"158","2-1",129850,180,23.4
"159","2-1",129900,180,23.4
"160","2-1",129950,180,23.4
"161","2-1",130000,165,21.45
"162","2-1",130050,165,21.45
"163","2-1",130100,165,21.45
"164","2-1",130150,165,21.45
"165","2-1",130200,165,21.45
"166","2-1",130250,165,21.45
"167","2-1",130300,165,21.45
"168","2-1",130350,165,21.45
"169","2-1",130400,165,21.45
"170","2-1",130450,165,21.45
"171","2-1",130500,165,21.45
"172","2-1",130550,165,21.45
"173","2-1",130600,165,21.45
"174","2-1",130650,165,21.45
"175","2-1",130700,165,21.45
"176","2-1",130750,165,21.45
"177","2-1",130800,165,21.45
"178","2-1",130850,165,21.45
"179","2-1",130900,165,21.45
"180","2-1",130950,165,21.45
"181","2-1",131000,165,21.45
"182","2-1",131050,165,21.45
"183","2-1",131100,165,21.45
"184","2-1",131150,165,21.45
"185","2-1",131200,165,21.45
"186","2-1",131250,150,19.5
"187","2-1",131300,150,19.5
"188","2-1",131350,150,19.5
"189","2-1",131400,165,21.45
"190","2-1",131450,165,21.45
"191","2-1",131500,165,21.45
"192","2-1",131550,165,21.45
"193","2-1",131600,165,21.45
"194","2-1",131650,165,21.45
"195","2-1",131700,165,21.45
"196","2-1",131750,165,21.45
"197","2-1",131800,165,21.45
"198","2-1",131850,165,21.45
"199","2-1",131900,165,21.45
"200","2-1",131950,165,21.45
"201","2-1",132000,165,21.45
"202","2-1",132050,165,21.45
"203","2-1",132100,165,21.45
"204","2-1",132150,165,21.45
"205","2-1",132200,165,21.45
"206","2-1",132250,165,21.45
"207","2-1",132300,165,21.45
"208","2-1",132350,150,19.5
"209","2-1",132400,150,19.5
"210","2-1",132450,150,19.5
"211","2-1",132500,150,19.5
"212","2-1",132550,150,19.5
"213","2-1",132600,150,19.5
"214","2-1",132650,150,19.5
"215","2-1",132700,150,19.5
"216","2-1",132750,150,19.5
"217","2-1",132800,150,19.5
"218","2-1",132850,150,19.5
"219","2-1",132900,150,19.5
"220","2-1",132950,150,19.5
"221","2-1",133000,300,19.5
"222","2-1",133050,135,17.55
"223","2-1",133100,120,15.6
"224","2-1",133150,120,15.6
"225","2-1",133200,120,15.6
"226","2-1",133250,120,15.6
"227","2-1",133300,120,15.6
"228","2-1",133350,105,13.65
"229","2-1",133400,120,15.6
"230","2-1",133450,120,15.6
"231","2-1",133500,120,15.6
"232","2-1",133550,120,15.6
"233","2-1",133600,120,15.6
"234","2-1",133650,120,15.6
"235","2-1",133700,120,15.6
"236","2-1",133750,120,15.6
"237","2-1",133800,120,15.6
"238","2-1",133850,120,15.6
"239","2-1",133900,120,15.6
"240","2-1",133950,120,15.6
"241","2-1",134000,120,15.6
"242","2-1",134050,120,15.6
"243","2-1",134100,120,15.6
"244","2-1",134150,120,15.6
"245","2-1",134200,120,15.6
"246","2-1",134250,120,15.6
"247","2-1",134300,120,15.6
"248","2-1",134350,120,15.6
"249","2-1",134400,120,15.6
"250","2-1",134450,120,15.6
"251","2-1",134500,120,15.6
"252","2-1",134550,105,13.65
"253","2-1",134600,105,13.65
"254","2-1",134650,105,13.65
"255","2-1",134700,105,13.65
"256","2-1",134750,105,13.65
"257","2-1",134800,105,13.65
"258","2-1",134850,105,13.65
"259","2-1",134900,105,13.65
"260","2-1",134950,105,13.65
"261","2-1",135000,105,13.65
"262","2-1",135050,105,13.65
"263","2-1",135100,105,13.65
"264","2-1",135150,105,13.65
"265","2-1",135200,105,13.65
"266","2-1",135250,105,13.65
"267","2-1",135300,105,13.65
"268","2-1",135350,105,13.65
"269","2-1",135400,105,13.65
"270","2-1",135450,105,13.65
"271","2-1",135500,105,13.65
"272","2-1",135550,105,13.65
"273","2-1",135600,90,11.7
"274","2-1",135650,105,13.65
"275","2-1",135700,105,13.65
"276","2-1",135750,105,13.65
"277","2-1",135800,105,13.65
"278","2-1",135850,105,13.65
"279","2-1",135900,105,13.65
"280","2-1",135950,105,13.65
"281","2-1",136000,105,13.65
"282","2-1",136050,105,13.65
"283","2-1",136100,105,13.65
"284","2-1",136150,105,13.65
"285","2-1",136200,105,13.65
"286","2-1",136250,105,13.65
"287","2-1",136300,105,13.65
"288","2-1",136350,105,13.65
"289","2-1",136400,105,13.65
"290","2-1",136450,105,13.65
"291","2-1",136500,105,13.65
"292","2-1",136550,105,13.65
"293","2-1",136600,105,13.65
"294","2-1",136650,90,11.7
"295","2-1",136700,90,11.7
"296","2-1",136750,90,11.7
"297","2-1",136800,90,11.7
"298","2-1",136850,90,11.7
"299","2-1",136900,90,11.7
"300","2-1",136950,90,11.7
"301","2-1",137000,90,11.7
"302","2-1",137050,90,11.7
"303","2-1",137100,90,11.7
"304","2-1",137150,90,11.7
"305","2-1",137200,90,11.7
"306","2-1",137250,90,11.7
"307","2-1",137300,90,11.7
"308","2-1",137350,90,11.7
"309","2-1",137400,90,11.7
"310","2-1",137450,90,11.7
"311","2-1",137500,90,11.7
"312","2-1",137550,75,9.75
"313","2-1",137600,75,9.75
"314","2-1",137650,75,9.75
"315","2-1",137700,75,9.75
"316","2-1",137750,75,9.75
"317","2-1",137800,75,9.75
"318","2-1",137850,90,11.7
"319","2-1",137900,90,11.7
"320","2-1",137950,90,11.7
"321","2-1",138000,90,11.7
"322","2-1",138050,90,11.7
"323","2-1",138100,90,11.7
"324","2-1",138150,90,11.7
"325","2-1",138200,90,11.7
"326","2-1",138250,90,11.7
"327","2-1",138300,90,11.7
"328","2-1",138350,90,11.7
"329","2-1",138400,90,11.7
"330","2-1",138450,75,9.75
"331","2-1",138500,75,4.875
"332","2-1",NA,0,0
"333","2-2",143000,285,18.525
"334","2-2",143050,255,33.15
"335","2-2",143100,255,33.15
"336","2-2",143150,255,33.15
"337","2-2",143200,255,33.15
"338","2-2",143250,255,33.15
"339","2-2",143300,255,33.15
"340","2-2",143350,255,33.15
"341","2-2",143400,255,33.15
"342","2-2",143450,255,33.15
"343","2-2",143500,255,33.15
"344","2-2",143550,255,33.15
"345","2-2",143600,255,33.15
"346","2-2",143650,240,31.2
"347","2-2",143700,255,33.15
"348","2-2",143750,240,31.2
"349","2-2",143800,240,31.2
"350","2-2",143850,240,31.2
"351","2-2",143900,240,31.2
"352","2-2",143950,255,33.15
"353","2-2",144000,255,33.15
"354","2-2",144050,255,33.15
"355","2-2",144100,255,33.15
"356","2-2",144150,255,33.15
"357","2-2",144200,255,33.15
"358","2-2",144250,255,33.15
"359","2-2",144300,255,33.15
"360","2-2",144350,255,33.15
"361","2-2",144400,255,33.15
"362","2-2",144450,255,33.15
"363","2-2",144500,255,33.15
"364","2-2",144550,255,33.15
"365","2-2",144600,255,33.15
"366","2-2",144650,255,33.15
"367","2-2",144700,255,33.15
"368","2-2",144750,255,33.15
"369","2-2",144800,255,33.15
"370","2-2",144850,255,33.15
"371","2-2",144900,255,33.15
"372","2-2",144950,255,33.15
"373","2-2",145000,255,33.15
"374","2-2",145050,240,31.2
"375","2-2",145100,240,31.2
"376","2-2",145150,240,31.2
"377","2-2",145200,240,31.2
"378","2-2",145250,240,31.2
"379","2-2",145300,240,31.2
"380","2-2",145350,240,31.2
"381","2-2",145400,240,31.2
"382","2-2",145450,240,31.2
"383","2-2",145500,240,31.2
"384","2-2",145550,240,31.2
"385","2-2",145600,240,31.2
"386","2-2",145650,240,31.2
"387","2-2",145700,240,31.2
"388","2-2",145750,240,31.2
"389","2-2",145800,240,31.2
"390","2-2",145850,240,31.2
"391","2-2",145900,240,31.2
"392","2-2",145950,240,31.2
"393","2-2",146000,240,31.2
"394","2-2",146050,240,31.2
"395","2-2",146100,240,31.2
"396","2-2",146150,240,31.2
"397","2-2",146200,240,31.2
"398","2-2",146250,240,31.2
"399","2-2",146300,225,29.25
"400","2-2",146350,225,29.25
"401","2-2",146400,225,29.25
"402","2-2",146450,225,29.25
"403","2-2",146500,225,29.25
"404","2-2",146550,225,29.25
"405","2-2",146600,225,29.25
"406","2-2",146650,225,29.25
"407","2-2",146700,225,29.25
"408","2-2",146750,225,29.25
"409","2-2",146800,240,31.2
"410","2-2",146850,225,29.25
"411","2-2",146900,240,31.2
"412","2-2",146950,240,31.2
"413","2-2",147000,240,31.2
"414","2-2",147050,240,31.2
"415","2-2",147100,240,31.2
"416","2-2",147150,240,31.2
"417","2-2",147200,240,31.2
"418","2-2",147250,240,31.2
"419","2-2",147300,240,31.2
"420","2-2",147350,240,31.2
"421","2-2",147400,240,31.2
"422","2-2",147450,240,31.2
"423","2-2",147500,240,31.2
"424","2-2",147550,225,29.25
"425","2-2",147600,225,29.25
"426","2-2",147650,225,29.25
"427","2-2",147700,225,29.25
"428","2-2",147750,225,29.25
"429","2-2",147800,225,29.25
"430","2-2",147850,225,29.25
"431","2-2",147900,225,29.25
"432","2-2",147950,225,29.25
"433","2-2",148000,225,29.25
"434","2-2",148050,225,29.25
"435","2-2",148100,225,29.25
"436","2-2",148150,225,29.25
"437","2-2",148200,225,29.25
"438","2-2",148250,225,29.25
"439","2-2",148300,225,29.25
"440","2-2",148350,225,29.25
"441","2-2",148400,225,29.25
"442","2-2",148450,225,29.25
"443","2-2",148500,450,29.25
"444","2-2",148550,195,25.35
"445","2-2",148600,180,23.4
"446","2-2",148650,180,23.4
"447","2-2",148700,180,23.4
"448","2-2",148750,180,23.4
"449","2-2",148800,180,23.4
"450","2-2",148850,180,23.4
"451","2-2",148900,180,23.4
"452","2-2",148950,180,23.4
"453","2-2",149000,180,23.4
"454","2-2",149050,180,23.4
"455","2-2",149100,180,23.4
"456","2-2",149150,180,23.4
"457","2-2",149200,180,23.4
"458","2-2",149250,180,23.4
"459","2-2",149300,180,23.4
"460","2-2",149350,180,23.4
"461","2-2",149400,180,23.4
"462","2-2",149450,195,25.35
"463","2-2",149500,195,25.35
"464","2-2",149550,195,25.35
"465","2-2",149600,195,25.35
"466","2-2",149650,195,25.35
"467","2-2",149700,195,25.35
"468","2-2",149750,195,25.35
"469","2-2",149800,195,25.35
"470","2-2",149850,180,23.4
"471","2-2",149900,180,23.4
"472","2-2",149950,180,23.4
"473","2-2",150000,180,23.4
"474","2-2",150050,180,23.4
"475","2-2",150100,180,23.4
"476","2-2",150150,180,23.4
"477","2-2",150200,180,23.4
"478","2-2",150250,180,23.4
"479","2-2",150300,180,23.4
"480","2-2",150350,180,23.4
"481","2-2",150400,180,23.4
"482","2-2",150450,180,23.4
"483","2-2",150500,180,23.4
"484","2-2",150550,180,23.4
"485","2-2",150600,180,23.4
"486","2-2",150650,180,23.4
"487","2-2",150700,180,23.4
"488","2-2",150750,180,23.4
"489","2-2",150800,180,23.4
"490","2-2",150850,180,23.4
"491","2-2",150900,180,23.4
"492","2-2",150950,180,23.4
"493","2-2",151000,165,21.45
"494","2-2",151050,165,21.45
"495","2-2",151100,165,21.45
"496","2-2",151150,165,21.45
"497","2-2",151200,165,21.45
"498","2-2",151250,165,21.45
"499","2-2",151300,165,21.45
"500","2-2",151350,165,21.45
"501","2-2",151400,165,21.45
"502","2-2",151450,165,21.45
"503","2-2",151500,165,21.45
"504","2-2",151550,165,21.45
"505","2-2",151600,165,21.45
"506","2-2",151650,165,21.45
"507","2-2",151700,165,21.45
"508","2-2",151750,165,21.45
"509","2-2",151800,165,21.45
"510","2-2",151850,165,21.45
"511","2-2",151900,165,21.45
"512","2-2",151950,165,21.45
"513","2-2",152000,165,21.45
"514","2-2",152050,165,21.45
"515","2-2",152100,165,21.45
"516","2-2",152150,165,21.45
"517","2-2",152200,165,21.45
"518","2-2",152250,150,19.5
"519","2-2",152300,150,19.5
"520","2-2",152350,150,19.5
"521","2-2",152400,165,21.45
"522","2-2",152450,165,21.45
"523","2-2",152500,165,21.45
"524","2-2",152550,165,21.45
"525","2-2",152600,165,21.45
"526","2-2",152650,165,21.45
"527","2-2",152700,165,21.45
"528","2-2",152750,165,21.45
"529","2-2",152800,165,21.45
"530","2-2",152850,165,21.45
"531","2-2",152900,165,21.45
"532","2-2",152950,165,21.45
"533","2-2",153000,165,21.45
"534","2-2",153050,165,21.45
"535","2-2",153100,165,21.45
"536","2-2",153150,165,21.45
"537","2-2",153200,165,21.45
"538","2-2",153250,165,21.45
"539","2-2",153300,165,21.45
"540","2-2",153350,150,19.5
"541","2-2",153400,150,19.5
"542","2-2",153450,150,19.5
"543","2-2",153500,150,19.5
"544","2-2",153550,150,19.5
"545","2-2",153600,150,19.5
"546","2-2",153650,150,19.5
"547","2-2",153700,150,19.5
"548","2-2",153750,150,19.5
"549","2-2",153800,150,19.5
"550","2-2",153850,150,19.5
"551","2-2",153900,150,19.5
"552","2-2",153950,150,19.5
"553","2-2",154000,300,19.5
"554","2-2",154050,135,17.55
"555","2-2",154100,120,15.6
"556","2-2",154150,120,15.6
"557","2-2",154200,120,15.6
"558","2-2",154250,120,15.6
"559","2-2",154300,120,15.6
"560","2-2",154350,105,13.65
"561","2-2",154400,120,15.6
"562","2-2",154450,120,15.6
"563","2-2",154500,120,15.6
"564","2-2",154550,120,15.6
"565","2-2",154600,120,15.6
"566","2-2",154650,120,15.6
"567","2-2",154700,120,15.6
"568","2-2",154750,120,15.6
"569","2-2",154800,120,15.6
"570","2-2",154850,120,15.6
"571","2-2",154900,120,15.6
"572","2-2",154950,120,15.6
"573","2-2",155000,120,15.6
"574","2-2",155050,120,15.6
"575","2-2",155100,120,15.6
"576","2-2",155150,120,15.6
"577","2-2",155200,120,15.6
"578","2-2",155250,120,15.6
"579","2-2",155300,120,15.6
"580","2-2",155350,120,15.6
"581","2-2",155400,120,15.6
"582","2-2",155450,120,15.6
"583","2-2",155500,120,15.6
"584","2-2",155550,105,13.65
"585","2-2",155600,105,13.65
"586","2-2",155650,105,13.65
"587","2-2",155700,105,13.65
"588","2-2",155750,105,13.65
"589","2-2",155800,105,13.65
"590","2-2",155850,105,13.65
"591","2-2",155900,105,13.65
"592","2-2",155950,105,13.65
"593","2-2",156000,105,13.65
"594","2-2",156050,105,13.65
"595","2-2",156100,105,13.65
"596","2-2",156150,105,13.65
"597","2-2",156200,105,13.65
"598","2-2",156250,105,13.65
"599","2-2",156300,105,13.65
"600","2-2",156350,105,13.65
"601","2-2",156400,105,13.65
"602","2-2",156450,105,13.65
"603","2-2",156500,105,13.65
"604","2-2",156550,105,13.65
"605","2-2",156600,90,11.7
"606","2-2",156650,105,13.65
"607","2-2",156700,105,13.65
"608","2-2",156750,105,13.65
"609","2-2",156800,105,13.65
"610","2-2",156850,105,13.65
"611","2-2",156900,105,13.65
"612","2-2",156950,105,13.65
"613","2-2",157000,105,13.65
"614","2-2",157050,105,13.65
"615","2-2",157100,105,13.65
"616","2-2",157150,105,13.65
"617","2-2",157200,105,13.65
"618","2-2",157250,105,13.65
"619","2-2",157300,105,13.65
"620","2-2",157350,105,13.65
"621","2-2",157400,105,13.65
"622","2-2",157450,105,13.65
"623","2-2",157500,105,13.65
"624","2-2",157550,105,13.65
"625","2-2",157600,105,13.65
"626","2-2",157650,90,11.7
"627","2-2",157700,90,11.7
"628","2-2",157750,90,11.7
"629","2-2",157800,90,11.7
"630","2-2",157850,90,11.7
"631","2-2",157900,90,11.7
"632","2-2",157950,90,11.7
"633","2-2",158000,90,11.7
"634","2-2",158050,90,11.7
"635","2-2",158100,90,11.7
"636","2-2",158150,90,11.7
"637","2-2",158200,90,11.7
"638","2-2",158250,90,11.7
"639","2-2",158300,90,11.7
"640","2-2",158350,90,11.7
"641","2-2",158400,90,11.7
"642","2-2",158450,90,11.7
"643","2-2",158500,90,11.7
"644","2-2",158550,75,9.75
"645","2-2",158600,75,9.75
"646","2-2",158650,75,9.75
"647","2-2",158700,75,9.75
"648","2-2",158750,75,9.75
"649","2-2",158800,75,9.75
"650","2-2",158850,90,11.7
"651","2-2",158900,90,11.7
"652","2-2",158950,90,11.7
"653","2-2",159000,90,11.7
"654","2-2",159050,90,11.7
"655","2-2",159100,90,11.7
"656","2-2",159150,90,11.7
"657","2-2",159200,90,11.7
"658","2-2",159250,90,11.7
"659","2-2",159300,90,11.7
"660","2-2",159350,90,11.7
"661","2-2",159400,90,11.7
"662","2-2",159450,75,9.75
"663","2-2",159500,75,4.875
"664","2-2",NA,0,0
"665","2-3",143000,285,18.525
"666","2-3",143050,255,33.15
"667","2-3",143100,255,33.15
"668","2-3",143150,255,33.15
"669","2-3",143200,255,33.15
"670","2-3",143250,255,33.15
"671","2-3",143300,255,33.15
"672","2-3",143350,255,33.15
"673","2-3",143400,255,33.15
"674","2-3",143450,255,33.15
"675","2-3",143500,255,33.15
"676","2-3",143550,255,33.15
"677","2-3",143600,255,33.15
"678","2-3",143650,240,31.2
"679","2-3",143700,255,33.15
"680","2-3",143750,240,31.2
"681","2-3",143800,240,31.2
"682","2-3",143850,240,31.2
"683","2-3",143900,240,31.2
"684","2-3",143950,255,33.15
"685","2-3",144000,255,33.15
"686","2-3",144050,255,33.15
"687","2-3",144100,255,33.15
"688","2-3",144150,255,33.15
"689","2-3",144200,255,33.15
"690","2-3",144250,255,33.15
"691","2-3",144300,255,33.15
"692","2-3",144350,255,33.15
"693","2-3",144400,255,33.15
"694","2-3",144450,255,33.15
"695","2-3",144500,255,33.15
"696","2-3",144550,255,33.15
"697","2-3",144600,255,33.15
"698","2-3",144650,255,33.15
"699","2-3",144700,255,33.15
"700","2-3",144750,255,33.15
"701","2-3",144800,255,33.15
"702","2-3",144850,255,33.15
"703","2-3",144900,255,33.15
"704","2-3",144950,255,33.15
"705","2-3",145000,255,33.15
"706","2-3",145050,240,31.2
"707","2-3",145100,240,31.2
"708","2-3",145150,240,31.2
"709","2-3",145200,240,31.2
"710","2-3",145250,240,31.2
"711","2-3",145300,240,31.2
"712","2-3",145350,240,31.2
"713","2-3",145400,240,31.2
"714","2-3",145450,240,31.2
"715","2-3",145500,240,31.2
"716","2-3",145550,240,31.2
"717","2-3",145600,240,31.2
"718","2-3",145650,240,31.2
"719","2-3",145700,240,31.2
"720","2-3",145750,240,31.2
"721","2-3",145800,240,31.2
"722","2-3",145850,240,31.2
"723","2-3",145900,240,31.2
"724","2-3",145950,240,31.2
"725","2-3",146000,240,31.2
"726","2-3",146050,240,31.2
"727","2-3",146100,240,31.2
"728","2-3",146150,240,31.2
"729","2-3",146200,240,31.2
"730","2-3",146250,240,31.2
"731","2-3",146300,225,29.25
"732","2-3",146350,225,29.25
"733","2-3",146400,225,29.25
"734","2-3",146450,225,29.25
"735","2-3",146500,225,29.25
"736","2-3",146550,225,29.25
"737","2-3",146600,225,29.25
"738","2-3",146650,225,29.25
"739","2-3",146700,225,29.25
"740","2-3",146750,225,29.25
"741","2-3",146800,240,31.2
"742","2-3",146850,225,29.25
"743","2-3",146900,240,31.2
"744","2-3",146950,240,31.2
"745","2-3",147000,240,31.2
"746","2-3",147050,240,31.2
"747","2-3",147100,240,31.2
"748","2-3",147150,240,31.2
"749","2-3",147200,240,31.2
"750","2-3",147250,240,31.2
"751","2-3",147300,240,31.2
"752","2-3",147350,240,31.2
"753","2-3",147400,240,31.2
"754","2-3",147450,240,31.2
"755","2-3",147500,240,31.2
"756","2-3",147550,225,29.25
"757","2-3",147600,225,29.25
"758","2-3",147650,225,29.25
"759","2-3",147700,225,29.25
"760","2-3",147750,225,29.25
"761","2-3",147800,225,29.25
"762","2-3",147850,225,29.25
"763","2-3",147900,225,29.25
"764","2-3",147950,225,29.25
"765","2-3",148000,225,29.25
"766","2-3",148050,225,29.25
"767","2-3",148100,225,29.25
"768","2-3",148150,225,29.25
"769","2-3",148200,225,29.25
"770","2-3",148250,225,29.25
"771","2-3",148300,225,29.25
"772","2-3",148350,225,29.25
"773","2-3",148400,225,29.25
"774","2-3",148450,225,29.25
"775","2-3",148500,450,29.25
"776","2-3",148550,195,25.35
"777","2-3",148600,180,23.4
"778","2-3",148650,180,23.4
"779","2-3",148700,180,23.4
"780","2-3",148750,180,23.4
"781","2-3",148800,180,23.4
"782","2-3",148850,180,23.4
"783","2-3",148900,180,23.4
"784","2-3",148950,180,23.4
"785","2-3",149000,180,23.4
"786","2-3",149050,180,23.4
"787","2-3",149100,180,23.4
"788","2-3",149150,180,23.4
"789","2-3",149200,180,23.4
"790","2-3",149250,180,23.4
"791","2-3",149300,180,23.4
"792","2-3",149350,180,23.4
"793","2-3",149400,180,23.4
"794","2-3",149450,195,25.35
"795","2-3",149500,195,25.35
"796","2-3",149550,195,25.35
"797","2-3",149600,195,25.35
"798","2-3",149650,195,25.35
"799","2-3",149700,195,25.35
"800","2-3",149750,195,25.35
"801","2-3",149800,195,25.35
"802","2-3",149850,180,23.4
"803","2-3",149900,180,23.4
"804","2-3",149950,180,23.4
"805","2-3",150000,180,23.4
"806","2-3",150050,180,23.4
"807","2-3",150100,180,23.4
"808","2-3",150150,180,23.4
"809","2-3",150200,180,23.4
"810","2-3",150250,180,23.4
"811","2-3",150300,180,23.4
"812","2-3",150350,180,23.4
"813","2-3",150400,180,23.4
"814","2-3",150450,180,23.4
"815","2-3",150500,180,23.4
"816","2-3",150550,180,23.4
"817","2-3",150600,180,23.4
"818","2-3",150650,180,23.4
"819","2-3",150700,180,23.4
"820","2-3",150750,180,23.4
"821","2-3",150800,180,23.4
"822","2-3",150850,180,23.4
"823","2-3",150900,180,23.4
"824","2-3",150950,180,23.4
"825","2-3",151000,165,21.45
"826","2-3",151050,165,21.45
"827","2-3",151100,165,21.45
"828","2-3",151150,165,21.45
"829","2-3",151200,165,21.45
"830","2-3",151250,165,21.45
"831","2-3",151300,165,21.45
"832","2-3",151350,165,21.45
"833","2-3",151400,165,21.45
"834","2-3",151450,165,21.45
"835","2-3",151500,165,21.45
"836","2-3",151550,165,21.45
"837","2-3",151600,165,21.45
"838","2-3",151650,165,21.45
"839","2-3",151700,165,21.45
"840","2-3",151750,165,21.45
"841","2-3",151800,165,21.45
"842","2-3",151850,165,21.45
"843","2-3",151900,165,21.45
"844","2-3",151950,165,21.45
"845","2-3",152000,165,21.45
"846","2-3",152050,165,21.45
"847","2-3",152100,165,21.45
"848","2-3",152150,165,21.45
"849","2-3",152200,165,21.45
"850","2-3",152250,150,19.5
"851","2-3",152300,150,19.5
"852","2-3",152350,150,19.5
"853","2-3",152400,165,21.45
"854","2-3",152450,165,21.45
"855","2-3",152500,165,21.45
"856","2-3",152550,165,21.45
"857","2-3",152600,165,21.45
"858","2-3",152650,165,21.45
"859","2-3",152700,165,21.45
"860","2-3",152750,165,21.45
"861","2-3",152800,165,21.45
"862","2-3",152850,165,21.45
"863","2-3",152900,165,21.45
"864","2-3",152950,165,21.45
"865","2-3",153000,165,21.45
"866","2-3",153050,165,21.45
"867","2-3",153100,165,21.45
"868","2-3",153150,165,21.45
"869","2-3",153200,165,21.45
"870","2-3",153250,165,21.45
"871","2-3",153300,165,21.45
"872","2-3",153350,150,19.5
"873","2-3",153400,150,19.5
"874","2-3",153450,150,19.5
"875","2-3",153500,150,19.5
"876","2-3",153550,150,19.5
"877","2-3",153600,150,19.5
"878","2-3",153650,150,19.5
"879","2-3",153700,150,19.5
"880","2-3",153750,150,19.5
"881","2-3",153800,150,19.5
"882","2-3",153850,150,19.5
"883","2-3",153900,150,19.5
"884","2-3",153950,150,19.5
"885","2-3",154000,300,19.5
"886","2-3",154050,135,17.55
"887","2-3",154100,120,15.6
"888","2-3",154150,120,15.6
"889","2-3",154200,120,15.6
"890","2-3",154250,120,15.6
"891","2-3",154300,120,15.6
"892","2-3",154350,105,13.65
"893","2-3",154400,120,15.6
"894","2-3",154450,120,15.6
"895","2-3",154500,120,15.6
"896","2-3",154550,120,15.6
"897","2-3",154600,120,15.6
"898","2-3",154650,120,15.6
"899","2-3",154700,120,15.6
"900","2-3",154750,120,15.6
"901","2-3",154800,120,15.6
"902","2-3",154850,120,15.6
"903","2-3",154900,120,15.6
"904","2-3",154950,120,15.6
"905","2-3",155000,120,15.6
"906","2-3",155050,120,15.6
"907","2-3",155100,120,15.6
"908","2-3",155150,120,15.6
"909","2-3",155200,120,15.6
"910","2-3",155250,120,15.6
"911","2-3",155300,120,15.6
"912","2-3",155350,120,15.6
"913","2-3",155400,120,15.6
"914","2-3",155450,120,15.6
"915","2-3",155500,120,15.6
"916","2-3",155550,105,13.65
"917","2-3",155600,105,13.65
"918","2-3",155650,105,13.65
"919","2-3",155700,105,13.65
"920","2-3",155750,105,13.65
"921","2-3",155800,105,13.65
"922","2-3",155850,105,13.65
"923","2-3",155900,105,13.65
"924","2-3",155950,105,13.65
"925","2-3",156000,105,13.65
"926","2-3",156050,105,13.65
"927","2-3",156100,105,13.65
"928","2-3",156150,105,13.65
"929","2-3",156200,105,13.65
"930","2-3",156250,105,13.65
"931","2-3",156300,105,13.65
"932","2-3",156350,105,13.65
"933","2-3",156400,105,13.65
"934","2-3",156450,105,13.65
"935","2-3",156500,105,13.65
"936","2-3",156550,105,13.65
"937","2-3",156600,90,11.7
"938","2-3",156650,105,13.65
"939","2-3",156700,105,13.65
"940","2-3",156750,105,13.65
"941","2-3",156800,105,13.65
"942","2-3",156850,105,13.65
"943","2-3",156900,105,13.65
"944","2-3",156950,105,13.65
"945","2-3",157000,105,13.65
"946","2-3",157050,105,13.65
"947","2-3",157100,105,13.65
"948","2-3",157150,105,13.65
"949","2-3",157200,105,13.65
"950","2-3",157250,105,13.65
"951","2-3",157300,105,13.65
"952","2-3",157350,105,13.65
"953","2-3",157400,105,13.65
"954","2-3",157450,105,13.65
"955","2-3",157500,105,13.65
"956","2-3",157550,105,13.65
"957","2-3",157600,105,13.65
"958","2-3",157650,90,11.7
"959","2-3",157700,90,11.7
"960","2-3",157750,90,11.7
"961","2-3",157800,90,11.7
"962","2-3",157850,90,11.7
"963","2-3",157900,90,11.7
"964","2-3",157950,90,11.7
"965","2-3",158000,90,11.7
"966","2-3",158050,90,11.7
"967","2-3",158100,90,11.7
"968","2-3",158150,90,11.7
"969","2-3",158200,90,11.7
"970","2-3",158250,90,11.7
"971","2-3",158300,90,11.7
"972","2-3",158350,90,11.7
"973","2-3",158400,90,11.7
"974","2-3",158450,90,11.7
"975","2-3",158500,90,11.7
"976","2-3",158550,75,9.75
"977","2-3",158600,75,9.75
"978","2-3",158650,75,9.75
"979","2-3",158700,75,9.75
"980","2-3",158750,75,9.75
"981","2-3",158800,75,9.75
"982","2-3",158850,90,11.7
"983","2-3",158900,90,11.7
"984","2-3",158950,90,11.7
"985","2-3",159000,90,11.7
"986","2-3",159050,90,11.7
"987","2-3",159100,90,11.7
"988","2-3",159150,90,11.7
"989","2-3",159200,90,11.7
"990","2-3",159250,90,11.7
"991","2-3",159300,90,11.7
"992","2-3",159350,90,11.7
"993","2-3",159400,90,11.7
"994","2-3",159450,75,9.75
"995","2-3",159500,75,4.875
"996","2-3",NA,0,0
"997","2-4",143000,285,18.525
"998","2-4",143050,255,33.15
"999","2-4",143100,255,33.15
"1000","2-4",143150,255,33.15
"1001","2-4",143200,255,33.15
"1002","2-4",143250,255,33.15
"1003","2-4",143300,255,33.15
"1004","2-4",143350,255,33.15
"1005","2-4",143400,255,33.15
"1006","2-4",143450,255,33.15
"1007","2-4",143500,255,33.15
"1008","2-4",143550,255,33.15
"1009","2-4",143600,255,33.15
"1010","2-4",143650,240,31.2
"1011","2-4",143700,255,33.15
"1012","2-4",143750,240,31.2
"1013","2-4",143800,240,31.2
"1014","2-4",143850,240,31.2
"1015","2-4",143900,240,31.2
"1016","2-4",143950,255,33.15
"1017","2-4",144000,255,33.15
"1018","2-4",144050,255,33.15
"1019","2-4",144100,255,33.15
"1020","2-4",144150,255,33.15
"1021","2-4",144200,255,33.15
"1022","2-4",144250,255,33.15
"1023","2-4",144300,255,33.15
"1024","2-4",144350,255,33.15
"1025","2-4",144400,255,33.15
"1026","2-4",144450,255,33.15
"1027","2-4",144500,255,33.15
"1028","2-4",144550,255,33.15
"1029","2-4",144600,255,33.15
"1030","2-4",144650,255,33.15
"1031","2-4",144700,255,33.15
"1032","2-4",144750,255,33.15
"1033","2-4",144800,255,33.15
"1034","2-4",144850,255,33.15
"1035","2-4",144900,255,33.15
"1036","2-4",144950,255,33.15
"1037","2-4",145000,255,33.15
"1038","2-4",145050,240,31.2
"1039","2-4",145100,240,31.2
"1040","2-4",145150,240,31.2
"1041","2-4",145200,240,31.2
"1042","2-4",145250,240,31.2
"1043","2-4",145300,240,31.2
"1044","2-4",145350,240,31.2
"1045","2-4",145400,240,31.2
"1046","2-4",145450,240,31.2
"1047","2-4",145500,240,31.2
"1048","2-4",145550,240,31.2
"1049","2-4",145600,240,31.2
"1050","2-4",145650,240,31.2
"1051","2-4",145700,240,31.2
"1052","2-4",145750,240,31.2
"1053","2-4",145800,240,31.2
"1054","2-4",145850,240,31.2
"1055","2-4",145900,240,31.2
"1056","2-4",145950,240,31.2
"1057","2-4",146000,240,31.2
"1058","2-4",146050,240,31.2
"1059","2-4",146100,240,31.2
"1060","2-4",146150,240,31.2
"1061","2-4",146200,240,31.2
"1062","2-4",146250,240,31.2
"1063","2-4",146300,225,29.25
"1064","2-4",146350,225,29.25
"1065","2-4",146400,225,29.25
"1066","2-4",146450,225,29.25
"1067","2-4",146500,225,29.25
"1068","2-4",146550,225,29.25
"1069","2-4",146600,225,29.25
"1070","2-4",146650,225,29.25
"1071","2-4",146700,225,29.25
"1072","2-4",146750,225,29.25
"1073","2-4",146800,240,31.2
"1074","2-4",146850,225,29.25
"1075","2-4",146900,240,31.2
"1076","2-4",146950,240,31.2
"1077","2-4",147000,240,31.2
"1078","2-4",147050,240,31.2
"1079","2-4",147100,240,31.2
"1080","2-4",147150,240,31.2
"1081","2-4",147200,240,31.2
"1082","2-4",147250,240,31.2
"1083","2-4",147300,240,31.2
"1084","2-4",147350,240,31.2
"1085","2-4",147400,240,31.2
"1086","2-4",147450,240,31.2
"1087","2-4",147500,240,31.2
"1088","2-4",147550,225,29.25
"1089","2-4",147600,225,29.25
"1090","2-4",147650,225,29.25
"1091","2-4",147700,225,29.25
"1092","2-4",147750,225,29.25
"1093","2-4",147800,225,29.25
"1094","2-4",147850,225,29.25
"1095","2-4",147900,225,29.25
"1096","2-4",147950,225,29.25
"1097","2-4",148000,225,29.25
"1098","2-4",148050,225,29.25
"1099","2-4",148100,225,29.25
"1100","2-4",148150,225,29.25
"1101","2-4",148200,225,29.25
"1102","2-4",148250,225,29.25
"1103","2-4",148300,225,29.25
"1104","2-4",148350,225,29.25
"1105","2-4",148400,225,29.25
"1106","2-4",148450,225,29.25
"1107","2-4",148500,450,29.25
"1108","2-4",148550,195,25.35
"1109","2-4",148600,180,23.4
"1110","2-4",148650,180,23.4
"1111","2-4",148700,180,23.4
"1112","2-4",148750,180,23.4
"1113","2-4",148800,180,23.4
"1114","2-4",148850,180,23.4
"1115","2-4",148900,180,23.4
"1116","2-4",148950,180,23.4
"1117","2-4",149000,180,23.4
"1118","2-4",149050,180,23.4
"1119","2-4",149100,180,23.4
"1120","2-4",149150,180,23.4
"1121","2-4",149200,180,23.4
"1122","2-4",149250,180,23.4
"1123","2-4",149300,180,23.4
"1124","2-4",149350,180,23.4
"1125","2-4",149400,180,23.4
"1126","2-4",149450,195,25.35
"1127","2-4",149500,195,25.35
"1128","2-4",149550,195,25.35
"1129","2-4",149600,195,25.35
"1130","2-4",149650,195,25.35
"1131","2-4",149700,195,25.35
"1132","2-4",149750,195,25.35
"1133","2-4",149800,195,25.35
"1134","2-4",149850,180,23.4
"1135","2-4",149900,180,23.4
"1136","2-4",149950,180,23.4
"1137","2-4",150000,180,23.4
"1138","2-4",150050,180,23.4
"1139","2-4",150100,180,23.4
"1140","2-4",150150,180,23.4
"1141","2-4",150200,180,23.4
"1142","2-4",150250,180,23.4
"1143","2-4",150300,180,23.4
"1144","2-4",150350,180,23.4
"1145","2-4",150400,180,23.4
"1146","2-4",150450,180,23.4
"1147","2-4",150500,180,23.4
"1148","2-4",150550,180,23.4
"1149","2-4",150600,180,23.4
"1150","2-4",150650,180,23.4
"1151","2-4",150700,180,23.4
"1152","2-4",150750,180,23.4
"1153","2-4",150800,180,23.4
"1154","2-4",150850,180,23.4
"1155","2-4",150900,180,23.4
"1156","2-4",150950,180,23.4
"1157","2-4",151000,165,21.45
"1158","2-4",151050,165,21.45
"1159","2-4",151100,165,21.45
"1160","2-4",151150,165,21.45
"1161","2-4",151200,165,21.45
"1162","2-4",151250,165,21.45
"1163","2-4",151300,165,21.45
"1164","2-4",151350,165,21.45
"1165","2-4",151400,165,21.45
"1166","2-4",151450,165,21.45
"1167","2-4",151500,165,21.45
"1168","2-4",151550,165,21.45
"1169","2-4",151600,165,21.45
"1170","2-4",151650,165,21.45
"1171","2-4",151700,165,21.45
"1172","2-4",151750,165,21.45
"1173","2-4",151800,165,21.45
"1174","2-4",151850,165,21.45
"1175","2-4",151900,165,21.45
"1176","2-4",151950,165,21.45
"1177","2-4",152000,165,21.45
"1178","2-4",152050,165,21.45
"1179","2-4",152100,165,21.45
"1180","2-4",152150,165,21.45
"1181","2-4",152200,165,21.45
"1182","2-4",152250,150,19.5
"1183","2-4",152300,150,19.5
"1184","2-4",152350,150,19.5
"1185","2-4",152400,165,21.45
"1186","2-4",152450,165,21.45
"1187","2-4",152500,165,21.45
"1188","2-4",152550,165,21.45
"1189","2-4",152600,165,21.45
"1190","2-4",152650,165,21.45
"1191","2-4",152700,165,21.45
"1192","2-4",152750,165,21.45
"1193","2-4",152800,165,21.45
"1194","2-4",152850,165,21.45
"1195","2-4",152900,165,21.45
"1196","2-4",152950,165,21.45
"1197","2-4",153000,165,21.45
"1198","2-4",153050,165,21.45
"1199","2-4",153100,165,21.45
"1200","2-4",153150,165,21.45
"1201","2-4",153200,165,21.45
"1202","2-4",153250,165,21.45
"1203","2-4",153300,165,21.45
"1204","2-4",153350,150,19.5
"1205","2-4",153400,150,19.5
"1206","2-4",153450,150,19.5
"1207","2-4",153500,150,19.5
"1208","2-4",153550,150,19.5
"1209","2-4",153600,150,19.5
"1210","2-4",153650,150,19.5
"1211","2-4",153700,150,19.5
"1212","2-4",153750,150,19.5
"1213","2-4",153800,150,19.5
"1214","2-4",153850,150,19.5
"1215","2-4",153900,150,19.5
"1216","2-4",153950,150,19.5
"1217","2-4",154000,300,19.5
"1218","2-4",154050,135,17.55
"1219","2-4",154100,120,15.6
"1220","2-4",154150,120,15.6
"1221","2-4",154200,120,15.6
"1222","2-4",154250,120,15.6
"1223","2-4",154300,120,15.6
"1224","2-4",154350,105,13.65
"1225","2-4",154400,120,15.6
"1226","2-4",154450,120,15.6
"1227","2-4",154500,120,15.6
"1228","2-4",154550,120,15.6
"1229","2-4",154600,120,15.6
"1230","2-4",154650,120,15.6
"1231","2-4",154700,120,15.6
"1232","2-4",154750,120,15.6
"1233","2-4",154800,120,15.6
"1234","2-4",154850,120,15.6
"1235","2-4",154900,120,15.6
"1236","2-4",154950,120,15.6
"1237","2-4",155000,120,15.6
"1238","2-4",155050,120,15.6
"1239","2-4",155100,120,15.6
"1240","2-4",155150,120,15.6
"1241","2-4",155200,120,15.6
"1242","2-4",155250,120,15.6
"1243","2-4",155300,120,15.6
"1244","2-4",155350,120,15.6
"1245","2-4",155400,120,15.6
"1246","2-4",155450,120,15.6
"1247","2-4",155500,120,15.6
"1248","2-4",155550,105,13.65
"1249","2-4",155600,105,13.65
"1250","2-4",155650,105,13.65
"1251","2-4",155700,105,13.65
"1252","2-4",155750,105,13.65
"1253","2-4",155800,105,13.65
"1254","2-4",155850,105,13.65
"1255","2-4",155900,105,13.65
"1256","2-4",155950,105,13.65
"1257","2-4",156000,105,13.65
"1258","2-4",156050,105,13.65
"1259","2-4",156100,105,13.65
"1260","2-4",156150,105,13.65
"1261","2-4",156200,105,13.65
"1262","2-4",156250,105,13.65
"1263","2-4",156300,105,13.65
"1264","2-4",156350,105,13.65
"1265","2-4",156400,105,13.65
"1266","2-4",156450,105,13.65
"1267","2-4",156500,105,13.65
"1268","2-4",156550,105,13.65
"1269","2-4",156600,90,11.7
"1270","2-4",156650,105,13.65
"1271","2-4",156700,105,13.65
"1272","2-4",156750,105,13.65
"1273","2-4",156800,105,13.65
"1274","2-4",156850,105,13.65
"1275","2-4",156900,105,13.65
"1276","2-4",156950,105,13.65
"1277","2-4",157000,105,13.65
"1278","2-4",157050,105,13.65
"1279","2-4",157100,105,13.65
"1280","2-4",157150,105,13.65
"1281","2-4",157200,105,13.65
"1282","2-4",157250,105,13.65
"1283","2-4",157300,105,13.65
"1284","2-4",157350,105,13.65
"1285","2-4",157400,105,13.65
"1286","2-4",157450,105,13.65
"1287","2-4",157500,105,13.65
"1288","2-4",157550,105,13.65
"1289","2-4",157600,105,13.65
"1290","2-4",157650,90,11.7
"1291","2-4",157700,90,11.7
"1292","2-4",157750,90,11.7
"1293","2-4",157800,90,11.7
"1294","2-4",157850,90,11.7
"1295","2-4",157900,90,11.7
"1296","2-4",157950,90,11.7
"1297","2-4",158000,90,11.7
"1298","2-4",158050,90,11.7
"1299","2-4",158100,90,11.7
"1300","2-4",158150,90,11.7
"1301","2-4",158200,90,11.7
"1302","2-4",158250,90,11.7
"1303","2-4",158300,90,11.7
"1304","2-4",158350,90,11.7
"1305","2-4",158400,90,11.7
"1306","2-4",158450,90,11.7
"1307","2-4",158500,90,11.7
"1308","2-4",158550,75,9.75
"1309","2-4",158600,75,9.75
"1310","2-4",158650,75,9.75
"1311","2-4",158700,75,9.75
"1312","2-4",158750,75,9.75
"1313","2-4",158800,75,9.75
"1314","2-4",158850,90,11.7
"1315","2-4",158900,90,11.7
"1316","2-4",158950,90,11.7
"1317","2-4",159000,90,11.7
"1318","2-4",159050,90,11.7
"1319","2-4",159100,90,11.7
"1320","2-4",159150,90,11.7
"1321","2-4",159200,90,11.7
"1322","2-4",159250,90,11.7
"1323","2-4",159300,90,11.7
"1324","2-4",159350,90,11.7
"1325","2-4",159400,90,11.7
"1326","2-4",159450,75,9.75
"1327","2-4",159500,75,4.875
"1328","2-4",NA,0,0
"1329","2-5",143000,285,18.525
"1330","2-5",143050,255,33.15
"1331","2-5",143100,255,33.15
"1332","2-5",143150,255,33.15
"1333","2-5",143200,255,33.15
"1334","2-5",143250,255,33.15
"1335","2-5",143300,255,33.15
"1336","2-5",143350,255,33.15
"1337","2-5",143400,255,33.15
"1338","2-5",143450,255,33.15
"1339","2-5",143500,255,33.15
"1340","2-5",143550,255,33.15
"1341","2-5",143600,255,33.15
"1342","2-5",143650,255,33.15
"1343","2-5",143700,255,33.15
"1344","2-5",143750,240,31.2
"1345","2-5",143800,240,31.2
"1346","2-5",143850,240,31.2
"1347","2-5",143900,240,31.2
"1348","2-5",143950,255,33.15
"1349","2-5",144000,255,33.15
"1350","2-5",144050,255,33.15
"1351","2-5",144100,255,33.15
"1352","2-5",144150,255,33.15
"1353","2-5",144200,255,33.15
"1354","2-5",144250,255,33.15
"1355","2-5",144300,255,33.15
"1356","2-5",144350,255,33.15
"1357","2-5",144400,255,33.15
"1358","2-5",144450,255,33.15
"1359","2-5",144500,255,33.15
"1360","2-5",144550,255,33.15
"1361","2-5",144600,255,33.15
"1362","2-5",144650,255,33.15
"1363","2-5",144700,255,33.15
"1364","2-5",144750,255,33.15
"1365","2-5",144800,255,33.15
"1366","2-5",144850,255,33.15
"1367","2-5",144900,255,33.15
"1368","2-5",144950,255,33.15
"1369","2-5",145000,255,33.15
"1370","2-5",145050,240,31.2
"1371","2-5",145100,240,31.2
"1372","2-5",145150,240,31.2
"1373","2-5",145200,240,31.2
"1374","2-5",145250,240,31.2
"1375","2-5",145300,240,31.2
"1376","2-5",145350,240,31.2
"1377","2-5",145400,240,31.2
"1378","2-5",145450,240,31.2
"1379","2-5",145500,240,31.2
"1380","2-5",145550,240,31.2
"1381","2-5",145600,240,31.2
"1382","2-5",145650,240,31.2
"1383","2-5",145700,240,31.2
"1384","2-5",145750,240,31.2
"1385","2-5",145800,240,31.2
"1386","2-5",145850,240,31.2
"1387","2-5",145900,240,31.2
"1388","2-5",145950,240,31.2
"1389","2-5",146000,240,31.2
"1390","2-5",146050,240,31.2
"1391","2-5",146100,240,31.2
"1392","2-5",146150,240,31.2
"1393","2-5",146200,240,31.2
"1394","2-5",146250,240,31.2
"1395","2-5",146300,225,29.25
"1396","2-5",146350,225,29.25
"1397","2-5",146400,225,29.25
"1398","2-5",146450,225,29.25
"1399","2-5",146500,225,29.25
"1400","2-5",146550,225,29.25
"1401","2-5",146600,225,29.25
"1402","2-5",146650,225,29.25
"1403","2-5",146700,225,29.25
"1404","2-5",146750,225,29.25
"1405","2-5",146800,240,31.2
"1406","2-5",146850,225,29.25
"1407","2-5",146900,240,31.2
"1408","2-5",146950,240,31.2
"1409","2-5",147000,240,31.2
"1410","2-5",147050,240,31.2
"1411","2-5",147100,240,31.2
"1412","2-5",147150,240,31.2
"1413","2-5",147200,240,31.2
"1414","2-5",147250,240,31.2
"1415","2-5",147300,240,31.2
"1416","2-5",147350,240,31.2
"1417","2-5",147400,240,31.2
"1418","2-5",147450,240,31.2
"1419","2-5",147500,240,31.2
"1420","2-5",147550,225,29.25
"1421","2-5",147600,225,29.25
"1422","2-5",147650,225,29.25
"1423","2-5",147700,225,29.25
"1424","2-5",147750,225,29.25
"1425","2-5",147800,225,29.25
"1426","2-5",147850,225,29.25
"1427","2-5",147900,225,29.25
"1428","2-5",147950,225,29.25
"1429","2-5",148000,225,29.25
"1430","2-5",148050,225,29.25
"1431","2-5",148100,225,29.25
"1432","2-5",148150,225,29.25
"1433","2-5",148200,225,29.25
"1434","2-5",148250,225,29.25
"1435","2-5",148300,225,29.25
"1436","2-5",148350,225,29.25
"1437","2-5",148400,225,29.25
"1438","2-5",148450,225,29.25
"1439","2-5",148500,450,29.25
"1440","2-5",148550,195,25.35
"1441","2-5",148600,180,23.4
"1442","2-5",148650,180,23.4
"1443","2-5",148700,180,23.4
"1444","2-5",148750,180,23.4
"1445","2-5",148800,180,23.4
"1446","2-5",148850,180,23.4
"1447","2-5",148900,180,23.4
"1448","2-5",148950,180,23.4
"1449","2-5",149000,180,23.4
"1450","2-5",149050,180,23.4
"1451","2-5",149100,180,23.4
"1452","2-5",149150,180,23.4
"1453","2-5",149200,180,23.4
"1454","2-5",149250,180,23.4
"1455","2-5",149300,180,23.4
"1456","2-5",149350,180,23.4
"1457","2-5",149400,180,23.4
"1458","2-5",149450,195,25.35
"1459","2-5",149500,195,25.35
"1460","2-5",149550,195,25.35
"1461","2-5",149600,195,25.35
"1462","2-5",149650,195,25.35
"1463","2-5",149700,195,25.35
"1464","2-5",149750,195,25.35
"1465","2-5",149800,195,25.35
"1466","2-5",149850,180,23.4
"1467","2-5",149900,180,23.4
"1468","2-5",149950,180,23.4
"1469","2-5",150000,180,23.4
"1470","2-5",150050,180,23.4
"1471","2-5",150100,180,23.4
"1472","2-5",150150,180,23.4
"1473","2-5",150200,180,23.4
"1474","2-5",150250,180,23.4
"1475","2-5",150300,180,23.4
"1476","2-5",150350,180,23.4
"1477","2-5",150400,180,23.4
"1478","2-5",150450,180,23.4
"1479","2-5",150500,180,23.4
"1480","2-5",150550,180,23.4
"1481","2-5",150600,180,23.4
"1482","2-5",150650,180,23.4
"1483","2-5",150700,180,23.4
"1484","2-5",150750,180,23.4
"1485","2-5",150800,180,23.4
"1486","2-5",150850,180,23.4
"1487","2-5",150900,180,23.4
"1488","2-5",150950,180,23.4
"1489","2-5",151000,165,21.45
"1490","2-5",151050,165,21.45
"1491","2-5",151100,165,21.45
"1492","2-5",151150,165,21.45
"1493","2-5",151200,165,21.45
"1494","2-5",151250,165,21.45
"1495","2-5",151300,165,21.45
"1496","2-5",151350,165,21.45
"1497","2-5",151400,165,21.45
"1498","2-5",151450,165,21.45
"1499","2-5",151500,165,21.45
"1500","2-5",151550,165,21.45
"1501","2-5",151600,165,21.45
"1502","2-5",151650,165,21.45
"1503","2-5",151700,165,21.45
"1504","2-5",151750,165,21.45
"1505","2-5",151800,165,21.45
"1506","2-5",151850,165,21.45
"1507","2-5",151900,165,21.45
"1508","2-5",151950,165,21.45
"1509","2-5",152000,165,21.45
"1510","2-5",152050,165,21.45
"1511","2-5",152100,165,21.45
"1512","2-5",152150,165,21.45
"1513","2-5",152200,165,21.45
"1514","2-5",152250,150,19.5
"1515","2-5",152300,165,21.45
"1516","2-5",152350,165,21.45
"1517","2-5",152400,165,21.45
"1518","2-5",152450,165,21.45
"1519","2-5",152500,165,21.45
"1520","2-5",152550,165,21.45
"1521","2-5",152600,165,21.45
"1522","2-5",152650,165,21.45
"1523","2-5",152700,165,21.45
"1524","2-5",152750,165,21.45
"1525","2-5",152800,165,21.45
"1526","2-5",152850,165,21.45
"1527","2-5",152900,165,21.45
"1528","2-5",152950,165,21.45
"1529","2-5",153000,165,21.45
"1530","2-5",153050,165,21.45
"1531","2-5",153100,165,21.45
"1532","2-5",153150,165,21.45
"1533","2-5",153200,165,21.45
"1534","2-5",153250,165,21.45
"1535","2-5",153300,165,21.45
"1536","2-5",153350,150,19.5
"1537","2-5",153400,150,19.5
"1538","2-5",153450,150,19.5
"1539","2-5",153500,150,19.5
"1540","2-5",153550,150,19.5
"1541","2-5",153600,150,19.5
"1542","2-5",153650,150,19.5
"1543","2-5",153700,150,19.5
"1544","2-5",153750,150,19.5
"1545","2-5",153800,150,19.5
"1546","2-5",153850,150,19.5
"1547","2-5",153900,150,19.5
"1548","2-5",153950,150,19.5
"1549","2-5",154000,300,19.5
"1550","2-5",154050,135,17.55
"1551","2-5",154100,120,15.6
"1552","2-5",154150,120,15.6
"1553","2-5",154200,120,15.6
"1554","2-5",154250,120,15.6
"1555","2-5",154300,120,15.6
"1556","2-5",154350,105,13.65
"1557","2-5",154400,120,15.6
"1558","2-5",154450,120,15.6
"1559","2-5",154500,120,15.6
"1560","2-5",154550,120,15.6
"1561","2-5",154600,120,15.6
"1562","2-5",154650,120,15.6
"1563","2-5",154700,120,15.6
"1564","2-5",154750,120,15.6
"1565","2-5",154800,120,15.6
"1566","2-5",154850,120,15.6
"1567","2-5",154900,120,15.6
"1568","2-5",154950,120,15.6
"1569","2-5",155000,120,15.6
"1570","2-5",155050,120,15.6
"1571","2-5",155100,120,15.6
"1572","2-5",155150,120,15.6
"1573","2-5",155200,120,15.6
"1574","2-5",155250,120,15.6
"1575","2-5",155300,120,15.6
"1576","2-5",155350,120,15.6
"1577","2-5",155400,120,15.6
"1578","2-5",155450,120,15.6
"1579","2-5",155500,120,15.6
"1580","2-5",155550,105,13.65
"1581","2-5",155600,105,13.65
"1582","2-5",155650,105,13.65
"1583","2-5",155700,105,13.65
"1584","2-5",155750,105,13.65
"1585","2-5",155800,105,13.65
"1586","2-5",155850,105,13.65
"1587","2-5",155900,105,13.65
"1588","2-5",155950,105,13.65
"1589","2-5",156000,105,13.65
"1590","2-5",156050,105,13.65
"1591","2-5",156100,105,13.65
"1592","2-5",156150,105,13.65
"1593","2-5",156200,105,13.65
"1594","2-5",156250,105,13.65
"1595","2-5",156300,105,13.65
"1596","2-5",156350,105,13.65
"1597","2-5",156400,105,13.65
"1598","2-5",156450,105,13.65
"1599","2-5",156500,105,13.65
"1600","2-5",156550,105,13.65
"1601","2-5",156600,90,11.7
"1602","2-5",156650,105,13.65
"1603","2-5",156700,105,13.65
"1604","2-5",156750,105,13.65
"1605","2-5",156800,105,13.65
"1606","2-5",156850,105,13.65
"1607","2-5",156900,105,13.65
"1608","2-5",156950,105,13.65
"1609","2-5",157000,105,13.65
"1610","2-5",157050,105,13.65
"1611","2-5",157100,105,13.65
"1612","2-5",157150,105,13.65
"1613","2-5",157200,105,13.65
"1614","2-5",157250,105,13.65
"1615","2-5",157300,105,13.65
"1616","2-5",157350,105,13.65
"1617","2-5",157400,105,13.65
"1618","2-5",157450,105,13.65
"1619","2-5",157500,105,13.65
"1620","2-5",157550,105,13.65
"1621","2-5",157600,105,13.65
"1622","2-5",157650,90,11.7
"1623","2-5",157700,90,11.7
"1624","2-5",157750,90,11.7
"1625","2-5",157800,90,11.7
"1626","2-5",157850,90,11.7
"1627","2-5",157900,90,11.7
"1628","2-5",157950,90,11.7
"1629","2-5",158000,90,11.7
"1630","2-5",158050,90,11.7
"1631","2-5",158100,90,11.7
"1632","2-5",158150,90,11.7
"1633","2-5",158200,90,11.7
"1634","2-5",158250,90,11.7
"1635","2-5",158300,90,11.7
"1636","2-5",158350,90,11.7
"1637","2-5",158400,90,11.7
"1638","2-5",158450,90,11.7
"1639","2-5",158500,90,11.7
"1640","2-5",158550,75,9.75
"1641","2-5",158600,75,9.75
"1642","2-5",158650,75,9.75
"1643","2-5",158700,75,9.75
"1644","2-5",158750,75,9.75
"1645","2-5",158800,75,9.75
"1646","2-5",158850,90,11.7
"1647","2-5",158900,90,11.7
"1648","2-5",158950,90,11.7
"1649","2-5",159000,90,11.7
"1650","2-5",159050,90,11.7
"1651","2-5",159100,90,11.7
"1652","2-5",159150,90,11.7
"1653","2-5",159200,90,11.7
"1654","2-5",159250,90,11.7
"1655","2-5",159300,90,11.7
"1656","2-5",159350,90,11.7
"1657","2-5",159400,90,11.7
"1658","2-5",159450,75,9.75
"1659","2-5",159500,75,4.875
"1660","2-5",NA,0,0
"1661","2-6",122000,585,38.025
"1662","2-6",122050,540,70.2
"1663","2-6",122100,495,64.35
"1664","2-6",122150,450,58.5
"1665","2-6",122200,405,52.65
"1666","2-6",122250,345,44.85
"1667","2-6",122300,255,33.15
"1668","2-6",122350,255,33.15
"1669","2-6",122400,255,33.15
"1670","2-6",122450,255,33.15
"1671","2-6",122500,255,33.15
"1672","2-6",122550,255,33.15
"1673","2-6",122600,255,33.15
"1674","2-6",122650,240,31.2
"1675","2-6",122700,240,31.2
"1676","2-6",122750,240,31.2
"1677","2-6",122800,240,31.2
"1678","2-6",122850,240,31.2
"1679","2-6",122900,240,31.2
"1680","2-6",122950,255,33.15
"1681","2-6",123000,255,33.15
"1682","2-6",123050,255,33.15
"1683","2-6",123100,255,33.15
"1684","2-6",123150,255,33.15
"1685","2-6",123200,255,33.15
"1686","2-6",123250,255,33.15
"1687","2-6",123300,255,33.15
"1688","2-6",123350,255,33.15
"1689","2-6",123400,255,33.15
"1690","2-6",123450,255,33.15
"1691","2-6",123500,255,33.15
"1692","2-6",123550,255,33.15
"1693","2-6",123600,255,33.15
"1694","2-6",123650,255,33.15
"1695","2-6",123700,255,33.15
"1696","2-6",123750,255,33.15
"1697","2-6",123800,255,33.15
"1698","2-6",123850,255,33.15
"1699","2-6",123900,255,33.15
"1700","2-6",123950,255,33.15
"1701","2-6",124000,240,31.2
"1702","2-6",124050,240,31.2
"1703","2-6",124100,240,31.2
"1704","2-6",124150,240,31.2
"1705","2-6",124200,240,31.2
"1706","2-6",124250,240,31.2
"1707","2-6",124300,240,31.2
"1708","2-6",124350,240,31.2
"1709","2-6",124400,240,31.2
"1710","2-6",124450,240,31.2
"1711","2-6",124500,240,31.2
"1712","2-6",124550,240,31.2
"1713","2-6",124600,240,31.2
"1714","2-6",124650,240,31.2
"1715","2-6",124700,240,31.2
"1716","2-6",124750,240,31.2
"1717","2-6",124800,240,31.2
"1718","2-6",124850,240,31.2
"1719","2-6",124900,240,31.2
"1720","2-6",124950,240,31.2
"1721","2-6",125000,240,31.2
"1722","2-6",125050,240,31.2
"1723","2-6",125100,240,31.2
"1724","2-6",125150,240,31.2
"1725","2-6",125200,240,31.2
"1726","2-6",125250,240,31.2
"1727","2-6",125300,225,29.25
"1728","2-6",125350,225,29.25
"1729","2-6",125400,225,29.25
"1730","2-6",125450,225,29.25
"1731","2-6",125500,225,29.25
"1732","2-6",125550,225,29.25
"1733","2-6",125600,225,29.25
"1734","2-6",125650,225,29.25
"1735","2-6",125700,225,29.25
"1736","2-6",125750,225,29.25
"1737","2-6",125800,240,31.2
"1738","2-6",125850,225,29.25
"1739","2-6",125900,240,31.2
"1740","2-6",125950,240,31.2
"1741","2-6",126000,240,31.2
"1742","2-6",126050,240,31.2
"1743","2-6",126100,240,31.2
"1744","2-6",126150,240,31.2
"1745","2-6",126200,240,31.2
"1746","2-6",126250,240,31.2
"1747","2-6",126300,240,31.2
"1748","2-6",126350,240,31.2
"1749","2-6",126400,240,31.2
"1750","2-6",126450,240,31.2
"1751","2-6",126500,240,31.2
"1752","2-6",126550,225,29.25
"1753","2-6",126600,225,29.25
"1754","2-6",126650,225,29.25
"1755","2-6",126700,225,29.25
"1756","2-6",126750,225,29.25
"1757","2-6",126800,225,29.25
"1758","2-6",126850,225,29.25
"1759","2-6",126900,225,29.25
"1760","2-6",126950,225,29.25
"1761","2-6",127000,225,29.25
"1762","2-6",127050,225,29.25
"1763","2-6",127100,225,29.25
"1764","2-6",127150,225,29.25
"1765","2-6",127200,225,29.25
"1766","2-6",127250,225,29.25
"1767","2-6",127300,225,29.25
"1768","2-6",127350,225,29.25
"1769","2-6",127400,225,29.25
"1770","2-6",127450,225,29.25
"1771","2-6",127500,450,29.25
"1772","2-6",127550,195,25.35
"1773","2-6",127600,180,23.4
"1774","2-6",127650,180,23.4
"1775","2-6",127700,180,23.4
"1776","2-6",127750,180,23.4
"1777","2-6",127800,180,23.4
"1778","2-6",127850,180,23.4
"1779","2-6",127900,180,23.4
"1780","2-6",127950,180,23.4
"1781","2-6",128000,180,23.4
"1782","2-6",128050,180,23.4
"1783","2-6",128100,180,23.4
"1784","2-6",128150,180,23.4
"1785","2-6",128200,180,23.4
"1786","2-6",128250,180,23.4
"1787","2-6",128300,180,23.4
"1788","2-6",128350,180,23.4
"1789","2-6",128400,180,23.4
"1790","2-6",128450,195,25.35
"1791","2-6",128500,195,25.35
"1792","2-6",128550,195,25.35
"1793","2-6",128600,195,25.35
"1794","2-6",128650,195,25.35
"1795","2-6",128700,195,25.35
"1796","2-6",128750,195,25.35
"1797","2-6",128800,195,25.35
"1798","2-6",128850,180,23.4
"1799","2-6",128900,180,23.4
"1800","2-6",128950,180,23.4
"1801","2-6",129000,180,23.4
"1802","2-6",129050,180,23.4
"1803","2-6",129100,180,23.4
"1804","2-6",129150,180,23.4
"1805","2-6",129200,180,23.4
"1806","2-6",129250,180,23.4
"1807","2-6",129300,180,23.4
"1808","2-6",129350,180,23.4
"1809","2-6",129400,180,23.4
"1810","2-6",129450,180,23.4
"1811","2-6",129500,180,23.4
"1812","2-6",129550,180,23.4
"1813","2-6",129600,180,23.4
"1814","2-6",129650,180,23.4
"1815","2-6",129700,180,23.4
"1816","2-6",129750,180,23.4
"1817","2-6",129800,180,23.4
"1818","2-6",129850,180,23.4
"1819","2-6",129900,180,23.4
"1820","2-6",129950,180,23.4
"1821","2-6",130000,165,21.45
"1822","2-6",130050,165,21.45
"1823","2-6",130100,165,21.45
"1824","2-6",130150,165,21.45
"1825","2-6",130200,165,21.45
"1826","2-6",130250,165,21.45
"1827","2-6",130300,165,21.45
"1828","2-6",130350,165,21.45
"1829","2-6",130400,165,21.45
"1830","2-6",130450,165,21.45
"1831","2-6",130500,165,21.45
"1832","2-6",130550,165,21.45
"1833","2-6",130600,165,21.45
"1834","2-6",130650,165,21.45
"1835","2-6",130700,165,21.45
"1836","2-6",130750,165,21.45
"1837","2-6",130800,165,21.45
"1838","2-6",130850,165,21.45
"1839","2-6",130900,165,21.45
"1840","2-6",130950,165,21.45
"1841","2-6",131000,165,21.45
"1842","2-6",131050,165,21.45
"1843","2-6",131100,165,21.45
"1844","2-6",131150,165,21.45
"1845","2-6",131200,165,21.45
"1846","2-6",131250,150,19.5
"1847","2-6",131300,150,19.5
"1848","2-6",131350,150,19.5
"1849","2-6",131400,165,21.45
"1850","2-6",131450,165,21.45
"1851","2-6",131500,165,21.45
"1852","2-6",131550,165,21.45
"1853","2-6",131600,165,21.45
"1854","2-6",131650,165,21.45
"1855","2-6",131700,165,21.45
"1856","2-6",131750,165,21.45
"1857","2-6",131800,165,21.45
"1858","2-6",131850,165,21.45
"1859","2-6",131900,165,21.45
"1860","2-6",131950,165,21.45
"1861","2-6",132000,165,21.45
"1862","2-6",132050,165,21.45
"1863","2-6",132100,165,21.45
"1864","2-6",132150,165,21.45
"1865","2-6",132200,165,21.45
"1866","2-6",132250,165,21.45
"1867","2-6",132300,165,21.45
"1868","2-6",132350,150,19.5
"1869","2-6",132400,150,19.5
"1870","2-6",132450,150,19.5
"1871","2-6",132500,150,19.5
"1872","2-6",132550,150,19.5
"1873","2-6",132600,150,19.5
"1874","2-6",132650,150,19.5
"1875","2-6",132700,150,19.5
"1876","2-6",132750,150,19.5
"1877","2-6",132800,150,19.5
"1878","2-6",132850,150,19.5
"1879","2-6",132900,150,19.5
"1880","2-6",132950,150,19.5
"1881","2-6",133000,300,19.5
"1882","2-6",133050,135,17.55
"1883","2-6",133100,120,15.6
"1884","2-6",133150,120,15.6
"1885","2-6",133200,120,15.6
"1886","2-6",133250,120,15.6
"1887","2-6",133300,120,15.6
"1888","2-6",133350,105,13.65
"1889","2-6",133400,120,15.6
"1890","2-6",133450,120,15.6
"1891","2-6",133500,120,15.6
"1892","2-6",133550,120,15.6
"1893","2-6",133600,120,15.6
"1894","2-6",133650,120,15.6
"1895","2-6",133700,120,15.6
"1896","2-6",133750,120,15.6
"1897","2-6",133800,120,15.6
"1898","2-6",133850,120,15.6
"1899","2-6",133900,120,15.6
"1900","2-6",133950,120,15.6
"1901","2-6",134000,120,15.6
"1902","2-6",134050,120,15.6
"1903","2-6",134100,120,15.6
"1904","2-6",134150,120,15.6
"1905","2-6",134200,120,15.6
"1906","2-6",134250,120,15.6
"1907","2-6",134300,120,15.6
"1908","2-6",134350,120,15.6
"1909","2-6",134400,120,15.6
"1910","2-6",134450,120,15.6
"1911","2-6",134500,120,15.6
"1912","2-6",134550,105,13.65
"1913","2-6",134600,105,13.65
"1914","2-6",134650,105,13.65
"1915","2-6",134700,105,13.65
"1916","2-6",134750,105,13.65
"1917","2-6",134800,105,13.65
"1918","2-6",134850,105,13.65
"1919","2-6",134900,105,13.65
"1920","2-6",134950,105,13.65
"1921","2-6",135000,105,13.65
"1922","2-6",135050,105,13.65
"1923","2-6",135100,105,13.65
"1924","2-6",135150,105,13.65
"1925","2-6",135200,105,13.65
"1926","2-6",135250,105,13.65
"1927","2-6",135300,105,13.65
"1928","2-6",135350,105,13.65
"1929","2-6",135400,105,13.65
"1930","2-6",135450,105,13.65
"1931","2-6",135500,105,13.65
"1932","2-6",135550,105,13.65
"1933","2-6",135600,90,11.7
"1934","2-6",135650,105,13.65
"1935","2-6",135700,105,13.65
"1936","2-6",135750,105,13.65
"1937","2-6",135800,105,13.65
"1938","2-6",135850,105,13.65
"1939","2-6",135900,105,13.65
"1940","2-6",135950,105,13.65
"1941","2-6",136000,105,13.65
"1942","2-6",136050,105,13.65
"1943","2-6",136100,105,13.65
"1944","2-6",136150,105,13.65
"1945","2-6",136200,105,13.65
"1946","2-6",136250,105,13.65
"1947","2-6",136300,105,13.65
"1948","2-6",136350,105,13.65
"1949","2-6",136400,105,13.65
"1950","2-6",136450,105,13.65
"1951","2-6",136500,105,13.65
"1952","2-6",136550,105,13.65
"1953","2-6",136600,105,13.65
"1954","2-6",136650,90,11.7
"1955","2-6",136700,90,11.7
"1956","2-6",136750,90,11.7
"1957","2-6",136800,90,11.7
"1958","2-6",136850,90,11.7
"1959","2-6",136900,90,11.7
"1960","2-6",136950,90,11.7
"1961","2-6",137000,90,11.7
"1962","2-6",137050,90,11.7
"1963","2-6",137100,90,11.7
"1964","2-6",137150,90,11.7
"1965","2-6",137200,90,11.7
"1966","2-6",137250,90,11.7
"1967","2-6",137300,90,11.7
"1968","2-6",137350,90,11.7
"1969","2-6",137400,90,11.7
"1970","2-6",137450,90,11.7
"1971","2-6",137500,90,11.7
"1972","2-6",137550,75,9.75
"1973","2-6",137600,75,9.75
"1974","2-6",137650,75,9.75
"1975","2-6",137700,75,9.75
"1976","2-6",137750,75,9.75
"1977","2-6",137800,75,9.75
"1978","2-6",137850,90,11.7
"1979","2-6",137900,90,11.7
"1980","2-6",137950,90,11.7
"1981","2-6",138000,90,11.7
"1982","2-6",138050,90,11.7
"1983","2-6",138100,90,11.7
"1984","2-6",138150,90,11.7
"1985","2-6",138200,90,11.7
"1986","2-6",138250,90,11.7
"1987","2-6",138300,90,11.7
"1988","2-6",138350,90,11.7
"1989","2-6",138400,90,11.7
"1990","2-6",138450,75,9.75
"1991","2-6",138500,75,4.875
"1992","2-6",NA,0,0
"1993",NA,NA,0,0
